Kilometeres,Fuel_Type,Doors,Automatic,HorsePower,MetallicCol,CC,Wt,SellingPrice,Age
46986,Diesel,3,0,90,1,2000,1165,13500,23
94612,Diesel,3,0,90,1,2000,1245,16900,27
19700,Petrol,3,0,192,0,1800,1185,21500,27
43610,Petrol,3,0,192,0,1800,1185,19950,22
34131,Petrol,3,0,192,1,1800,1185,22500,32
34000,Petrol,3,0,192,1,1800,1185,22750,30
21716,Petrol,3,0,110,1,1600,1105,17950,24
25563,Petrol,3,0,110,0,1600,1065,16750,24
67660,Petrol,3,0,110,1,1600,1105,15950,30
43905,Petrol,3,1,110,0,1600,1170,16950,29
56349,Petrol,3,0,110,1,1600,1120,15950,28
32220,Petrol,3,0,110,1,1600,1120,16950,28
25813,Petrol,3,0,110,1,1600,1120,16250,29
34545,Petrol,3,0,110,1,1600,1120,17495,27
41415,Petrol,3,0,110,1,1600,1120,15750,29
44142,Petrol,3,0,110,0,1600,1120,16950,28
9750,Petrol,3,0,97,1,1400,1100,12950,29
35199,Petrol,3,0,97,1,1400,1100,15750,22
43000,Petrol,3,0,97,0,1400,1100,15750,26
25000,Petrol,3,0,97,0,1400,1100,15950,25
10000,Petrol,3,0,97,1,1400,1100,14950,23
25329,Petrol,3,0,97,1,1400,1100,15750,32
27500,Petrol,3,0,97,0,1400,1100,14750,27
49059,Petrol,3,0,97,0,1400,1100,13950,22
46961,Petrol,3,0,97,0,1400,1100,13950,22
110404,Diesel,5,0,90,0,2000,1255,16950,27
100250,Diesel,5,0,90,0,2000,1255,16950,22
75048,Petrol,5,0,97,1,1400,1110,15800,22
62636,Diesel,5,0,90,1,2000,1255,17950,22
57086,Petrol,5,0,97,1,1400,1110,15750,30
56000,Petrol,5,1,110,1,1600,1180,20500,26
49866,Petrol,5,0,192,1,1800,1195,21950,27
43210,Petrol,5,0,97,0,1400,1110,15250,28
43000,Petrol,5,0,97,0,1400,1110,15250,26
38950,Petrol,5,0,110,1,1600,1130,15999,30
37177,Petrol,5,0,110,0,1600,1130,16500,27
36544,Petrol,5,0,110,1,1600,1130,18750,31
33511,Petrol,5,0,110,1,1600,1130,17950,30
32181,Petrol,5,0,110,1,1600,1075,16950,26
30993,Petrol,5,0,110,1,1600,1130,18950,28
30400,Petrol,5,0,97,1,1400,1110,14950,22
29719,Petrol,5,0,97,1,1400,1110,15950,25
28000,Petrol,5,0,110,0,1600,1130,19950,28
25266,Petrol,5,0,110,1,1600,1130,18750,31
22575,Petrol,5,0,110,1,1600,1115,16895,29
22000,Petrol,5,0,97,1,1400,1110,14900,30
20019,Petrol,5,1,110,1,1600,1180,18950,25
20000,Petrol,5,0,110,1,1600,1115,17250,29
17003,Petrol,5,0,97,1,1400,1110,15450,25
16238,Petrol,5,1,110,1,1600,1180,17950,31
15414,Petrol,5,0,97,1,1400,1110,16650,25
7000,Petrol,5,0,97,1,1400,1100,14900,30
66966,Diesel,3,0,90,1,2000,1245,17950,20
51884,Petrol,3,0,97,1,1400,1100,15950,19
50005,Diesel,3,0,110,1,2000,1265,21950,19
48110,Petrol,3,0,97,1,1400,1100,16450,20
37500,Diesel,3,0,90,1,2000,1260,22250,20
34472,Diesel,3,0,90,1,1995,1260,19950,16
33329,Petrol,3,0,97,1,1400,1100,15950,20
31850,Petrol,3,0,110,0,1600,1120,18900,20
30351,Diesel,3,0,90,1,1995,1260,19950,17
29435,Petrol,3,0,97,1,1400,1100,15950,19
25948,Petrol,3,0,97,1,1400,1100,15950,19
24500,Petrol,3,0,110,1,1600,1120,18750,11
23902,Petrol,3,0,97,1,1400,1100,17450,18
23175,Petrol,3,0,110,1,1600,1120,18990,20
19200,Petrol,3,0,97,1,1400,1100,16250,19
18000,Petrol,3,0,71,0,1400,1125,18500,13
16123,Petrol,3,0,110,1,1600,1105,18500,11
14635,Petrol,3,1,110,1,1600,1155,19450,11
7187,Petrol,3,0,110,1,1600,1105,17950,20
1,Diesel,5,0,116,0,2000,1480,32500,4
4000,Diesel,5,0,116,1,2000,1480,31000,4
1500,Diesel,5,0,116,1,2000,1480,31275,4
13253,Diesel,5,0,116,1,2000,1320,24950,8
6000,Diesel,5,0,90,1,2000,1280,24990,8
1,Petrol,3,0,110,1,1600,1105,17900,7
63000,Diesel,5,0,90,1,2000,1255,19250,20
57313,Diesel,5,0,110,1,2000,1275,22250,17
57037,Petrol,5,0,110,0,1600,1115,18950,13
51099,Diesel,5,0,90,1,2000,1255,19950,19
40010,Petrol,5,0,110,1,1600,1115,16350,14
39115,Petrol,5,0,110,1,1600,1130,18950,20
36012,Petrol,5,0,110,0,1600,1130,16950,17
36000,Petrol,5,0,110,1,1600,1130,21750,16
35000,Petrol,5,0,97,1,1400,1110,16500,20
33740,Petrol,5,0,97,1,1400,1135,17950,17
32627,Petrol,5,0,97,1,1400,1110,16250,20
29797,Petrol,5,0,97,1,1400,1110,15950,20
29441,Petrol,5,0,97,1,1400,1110,16250,19
29371,Petrol,4,0,110,1,1600,1105,15950,13
29000,Petrol,5,0,97,0,1400,1110,16500,20
25000,Diesel,5,0,116,1,2000,1320,23000,11
22588,Petrol,5,0,97,1,1400,1110,16450,20
21684,Petrol,5,0,192,1,1800,1185,23950,19
21428,Petrol,5,0,110,1,1600,1130,19950,13
20629,Petrol,4,0,110,1,1600,1090,18500,16
20270,Petrol,5,0,110,1,1600,1130,18950,15
20105,Petrol,5,0,97,0,1400,1110,16450,16
20000,Petrol,5,1,110,0,1600,1165,20500,20
19988,Petrol,5,0,110,1,1600,1130,24500,13
18328,Petrol,5,0,110,0,1600,1130,19450,19
17896,Petrol,4,1,110,1,1600,1150,20950,14
13747,Petrol,5,0,97,1,1400,1110,18450,10
13157,Petrol,4,0,97,1,1400,1085,16868,15
12500,Petrol,5,0,110,1,1600,1115,18900,11
11999,Petrol,5,0,110,1,1600,1130,19750,17
11754,Petrol,5,1,110,0,1600,1180,19750,16
10000,Petrol,5,0,110,0,1598,1105,20750,17
6000,Petrol,5,0,110,0,1600,1130,19950,14
5000,Petrol,5,0,110,1,1600,1130,20500,12
11000,Petrol,5,0,110,1,1600,1130,23750,8
10000,Petrol,5,0,97,1,1400,1110,18950,8
9788,Petrol,5,0,110,1,1600,1130,21950,8
7000,Petrol,5,0,110,0,1600,1115,18950,8
3000,Petrol,5,0,110,0,1600,1130,22500,6
225,Petrol,5,0,97,1,1400,1110,21125,2
15,Petrol,5,0,110,1,1600,1130,21500,2
1,Petrol,5,0,110,1,1600,1075,18245,1
243000,Diesel,3,0,69,0,1900,1110,6950,43
180638,Diesel,4,0,90,0,2000,1160,9500,38
178858,CNG,3,0,110,0,1600,1084,7750,43
161000,Diesel,3,0,69,1,1900,1105,11950,40
131273,Diesel,5,0,69,1,1800,1110,4750,44
130062,Diesel,5,0,69,1,1900,1140,11750,40
118217,Petrol,5,0,110,1,1600,1075,11950,37
110000,Diesel,5,0,69,1,1900,1095,11900,44
105699,Petrol,3,0,97,1,1400,1025,9950,42
98823,CNG,5,0,110,1,1600,1119,11950,39
96518,Petrol,3,0,97,1,1400,1025,11250,40
92204,Petrol,5,0,110,1,1600,1075,10500,42
91456,Diesel,3,0,69,1,1900,1110,10450,35
89968,Diesel,5,0,69,1,1900,1140,12950,43
85017,Petrol,5,0,97,0,1400,1060,10950,43
78677,Petrol,5,1,110,1,1600,1105,11790,34
78425,Petrol,5,0,110,1,1600,1075,11450,40
78108,Diesel,3,0,90,1,2000,1170,13500,33
77321,Petrol,5,0,110,1,1600,1075,10950,33
75699,Diesel,3,0,69,0,1900,1105,13500,33
75697,Petrol,3,0,97,1,1400,1025,10950,41
74846,Petrol,3,0,97,1,1400,1025,10950,44
74319,Petrol,5,0,110,1,1600,1075,12950,38
74285,Petrol,5,0,110,1,1600,1075,11950,43
74172,Petrol,5,0,110,1,1600,1615,12450,44
73042,Petrol,5,0,110,1,1598,1075,11950,40
67805,Petrol,5,0,110,1,1600,1075,12950,38
65345,Petrol,5,0,97,1,1400,1060,11690,34
64564,Petrol,5,0,110,1,1600,1080,12450,42
63459,Petrol,5,0,97,1,1400,1060,12750,36
63451,Petrol,3,0,97,0,1400,1025,11925,44
61300,Petrol,3,0,97,1,1400,1030,11950,42
61200,Petrol,3,0,110,1,1600,1045,12900,41
61000,Petrol,5,0,110,0,1600,1075,11900,41
59500,Diesel,3,0,69,1,1900,1110,13950,35
59000,Petrol,5,1,110,0,1600,1110,13950,44
58798,Petrol,5,0,110,1,1600,1075,10950,38
58277,Petrol,3,0,110,1,1600,1045,11950,43
57711,Diesel,3,0,90,1,2000,1165,13500,33
55968,Petrol,3,0,110,0,1600,1050,11950,42
55678,Petrol,4,0,110,1,1600,1030,12900,39
55539,Petrol,5,0,110,1,1600,1085,13500,43
55350,Petrol,5,0,110,0,1600,1075,11750,33
54600,Petrol,4,0,110,0,1600,1030,10850,43
53773,Petrol,5,0,110,1,1600,1075,11750,43
53719,Petrol,5,1,110,1,1600,1105,14950,42
53644,Petrol,5,0,110,1,1600,1075,9940,39
53350,Petrol,5,0,110,0,1600,1075,12900,42
53000,Petrol,5,0,110,1,1600,1075,13500,38
51732,Petrol,3,0,97,1,1400,1025,11950,41
50873,Petrol,5,0,110,1,1600,1075,12495,39
50856,Petrol,4,0,110,0,1600,1030,13500,41
50640,Petrol,5,0,110,1,1600,1075,12750,40
50000,Petrol,5,0,97,1,1400,1060,12000,39
49500,Petrol,5,0,110,1,1600,1075,11950,38
49332,Petrol,5,0,110,1,1600,1080,12495,44
48197,Petrol,5,0,110,1,1600,1075,12950,38
48000,Petrol,5,0,110,1,1600,1075,13500,43
46694,Petrol,3,0,110,0,1600,1040,11495,39
46515,Petrol,5,0,97,0,1400,1025,12750,43
46304,Petrol,5,0,97,1,1400,1060,12950,35
45886,Petrol,5,0,110,1,1600,1080,12950,40
44757,Petrol,3,0,97,0,1400,1025,9950,37
44218,Petrol,5,0,97,1,1400,1060,11895,44
43000,Petrol,3,0,110,0,1600,1050,10500,35
42823,Petrol,5,0,110,1,1600,1075,12295,33
42560,Petrol,5,0,110,1,1600,1080,13950,42
41754,Petrol,3,0,110,0,1600,1040,10950,38
41499,CNG,5,0,110,1,1600,1103,12950,44
41339,Petrol,5,0,110,1,1600,1080,12850,40
41000,Petrol,5,0,110,1,1600,1075,13995,35
40000,Petrol,3,0,110,1,1600,1055,13750,39
39757,Petrol,5,0,110,1,1600,1075,12750,37
39659,Petrol,3,0,110,1,1600,1045,12500,41
39650,Petrol,3,0,110,0,1600,1055,13950,43
39524,Petrol,3,0,97,1,1398,1025,11500,39
39516,Petrol,5,0,97,1,1400,1060,13950,44
39000,Petrol,3,0,97,1,1400,1025,9950,44
38812,Petrol,3,0,97,0,1400,1025,11450,37
38665,Petrol,5,0,110,1,1600,1075,12450,42
38461,Petrol,5,0,110,1,1600,1080,13995,44
38078,Petrol,3,0,97,0,1400,1025,11750,42
37782,Petrol,5,0,97,1,1400,1060,11650,39
37576,Petrol,3,0,97,0,1400,1030,9950,43
37533,Petrol,5,0,110,1,1600,1075,13950,41
37389,Petrol,5,0,110,1,1600,1080,12950,44
37320,Petrol,3,0,97,1,1400,1025,10950,38
37000,Petrol,3,0,97,1,1400,1025,9900,42
37000,Petrol,4,0,110,0,1600,1075,11950,44
36074,Petrol,5,1,110,1,1600,1075,13950,37
36066,Petrol,3,0,110,1,1600,1040,11250,44
34599,Petrol,5,0,110,1,1600,1075,12950,39
34000,Petrol,5,0,110,1,1600,1075,11950,41
33623,Petrol,3,0,97,1,1400,1025,10950,42
33591,Petrol,5,0,110,1,1600,1075,12950,33
33258,Petrol,5,0,110,1,1600,1075,12950,35
33113,Petrol,5,0,110,1,1600,1075,11695,43
33000,Petrol,5,1,110,1,1600,1075,11000,41
32532,Petrol,3,0,110,1,1600,1040,11750,40
32431,Petrol,5,0,97,1,1400,1060,12400,34
32000,Petrol,3,0,110,0,1600,1040,12500,35
30989,Petrol,3,0,110,0,1600,1045,12200,41
30742,Petrol,3,0,110,1,1600,1040,12750,43
30190,Petrol,5,0,110,1,1600,1075,11950,42
29716,Petrol,5,0,116,1,1600,1075,11900,41
29716,Petrol,3,1,110,1,1600,1070,11950,44
29056,Petrol,5,0,97,1,1400,1060,11950,41
28571,Petrol,5,0,110,0,1600,1090,14950,41
27301,Petrol,3,0,110,1,1600,1040,12950,43
27141,Petrol,5,0,97,1,1400,1060,9950,42
26262,Petrol,5,0,110,1,1600,1075,12450,38
26000,Petrol,5,0,97,1,1400,1060,12500,38
25062,Petrol,5,0,110,1,1600,1080,13750,39
24723,Petrol,4,1,110,1,1600,1060,12695,39
24553,Petrol,5,0,110,1,1600,1080,12750,43
24475,Petrol,5,0,110,1,1600,1030,14350,41
22865,Petrol,5,0,110,1,1600,1075,12900,38
21500,Petrol,5,0,110,1,1600,1030,11450,37
18000,Petrol,5,0,110,1,1600,1075,13995,35
17051,Petrol,5,0,97,0,1400,1060,11950,40
16000,Petrol,5,0,97,1,1400,1060,11750,38
12000,Petrol,5,0,110,1,1600,1075,11500,39
216000,Diesel,3,0,69,0,1900,1110,6500,53
176000,Diesel,3,0,69,0,1900,1105,7000,53
174139,Diesel,4,0,72,1,2000,1100,7750,54
150000,CNG,3,0,110,1,1600,1075,8500,55
146736,Petrol,5,0,110,1,1600,1080,9900,51
142130,CNG,5,0,110,0,1600,1119,9250,48
138394,Diesel,4,0,69,1,1900,1095,9450,54
137000,Diesel,5,0,72,1,2000,1135,7750,55
135258,Diesel,5,0,69,1,1900,1140,8250,52
131364,Petrol,5,0,110,1,1600,1075,9950,49
129155,Diesel,5,0,69,0,1800,1110,4450,56
126110,Petrol,3,0,110,0,1600,1055,9950,50
117913,Diesel,5,0,69,1,1900,1110,9950,53
117430,Diesel,3,0,90,1,2000,1165,12450,47
117175,Petrol,4,0,110,1,1600,1035,10500,55
115558,Petrol,4,0,110,1,1600,1035,10750,54
115113,Petrol,3,0,97,1,1400,1025,8950,53
115046,Diesel,5,0,69,1,1900,1140,10500,54
107859,Petrol,5,0,97,0,1400,1060,10950,49
104805,Petrol,3,0,97,1,1400,1025,9450,52
103454,Petrol,5,0,110,1,1600,1075,9950,54
102352,Petrol,5,0,110,1,1600,1080,11900,47
102030,Petrol,5,0,97,1,1400,1060,9950,50
101352,Petrol,5,0,110,0,1600,1080,11950,54
99865,Petrol,4,0,110,1,1600,1035,7900,50
99323,Petrol,3,0,110,1,1600,1055,10950,52
98100,Diesel,5,0,69,1,1900,1140,8950,48
96135,Diesel,3,0,72,0,2000,1115,9950,51
96100,Petrol,5,0,110,1,1600,1080,10950,54
94401,Diesel,3,0,72,0,2000,1115,8950,55
94122,Petrol,3,0,86,1,1300,1015,8950,55
90097,Diesel,5,0,69,1,1900,1140,9250,53
89049,Petrol,5,0,97,1,1400,1060,11500,48
87274,Petrol,3,0,110,1,1600,1040,9950,45
86221,Petrol,3,0,110,0,1600,1045,11450,49
83567,Petrol,5,0,110,0,1600,1075,10500,50
83106,Petrol,5,0,110,1,1600,1075,12950,50
82805,Petrol,3,0,110,1,1600,1040,12200,50
82735,Petrol,3,0,97,1,1400,1030,10950,50
81905,Petrol,5,0,110,1,1600,1105,10950,54
80320,Petrol,3,1,110,1,1600,1070,11290,49
80090,Petrol,3,0,97,1,1400,1030,10750,49
79800,Petrol,5,0,110,0,1600,1075,10895,53
77780,Petrol,3,0,110,0,1600,1040,10250,55
77648,Petrol,4,0,110,0,1600,1030,12500,49
76167,Petrol,5,0,97,1,1400,1060,10750,50
75231,Petrol,5,0,110,1,1600,1080,11950,54
75045,Petrol,3,0,110,1,1600,1055,11750,48
74715,Petrol,5,0,110,1,1600,1080,11950,55
74656,Diesel,3,0,69,0,1900,1105,10995,49
74500,Petrol,3,0,97,0,1400,1025,11450,56
74494,Petrol,5,0,110,1,1600,1075,8900,49
73634,Petrol,5,0,110,0,1587,1075,10500,50
73403,Petrol,5,0,110,1,1600,1075,11750,47
73000,Petrol,3,0,110,0,1600,1055,12000,52
72242,Petrol,3,1,110,0,1600,1070,11950,50
72000,Petrol,3,0,97,1,1400,1025,9850,53
70440,Diesel,3,0,69,1,1900,1105,8695,50
70239,Petrol,3,0,110,0,1600,1040,10990,53
69659,Petrol,3,0,86,0,1300,1025,11950,49
69000,Diesel,5,0,69,1,1900,1140,8750,47
68414,Petrol,3,0,97,0,1400,1025,9950,46
66527,Petrol,5,0,110,1,1600,1080,13950,52
65471,Petrol,5,0,97,1,1400,1060,10900,50
65400,Petrol,3,0,97,1,1400,1025,9750,56
64193,Petrol,3,0,110,1,1600,1040,10450,48
63792,Petrol,5,0,110,1,1600,1075,10250,54
63635,Petrol,4,0,110,1,1600,1035,9930,53
63135,Petrol,3,0,110,1,1600,1050,10500,54
63123,Petrol,4,0,110,1,1600,1035,11950,54
63000,Diesel,5,0,69,1,1900,1140,11500,48
63000,Petrol,4,0,110,0,1600,1035,11500,55
62987,Petrol,5,0,110,0,1600,1080,11450,54
62751,Petrol,3,0,110,0,1600,1050,9900,56
62519,Petrol,3,0,97,0,1400,1025,9500,54
61672,Petrol,5,0,110,0,1600,1075,10750,50
61000,Petrol,3,0,110,1,1600,1050,12000,56
59000,Petrol,3,0,97,1,1400,1025,9799,51
58761,Petrol,5,0,97,0,1300,1060,11750,51
58745,Petrol,4,0,110,1,1600,1035,11950,54
58377,Petrol,3,0,110,1,1600,1050,10950,55
58142,Petrol,5,0,110,1,1600,1080,11250,56
57645,Petrol,5,0,110,0,1600,1080,9700,51
57500,Petrol,4,0,110,1,1600,1105,11950,47
57475,Petrol,3,0,110,0,1600,1040,9900,53
56743,Petrol,3,0,110,0,1600,1045,9990,55
55877,Petrol,5,0,110,1,1600,1075,11500,54
55500,Petrol,4,0,110,1,1600,1035,11950,53
54900,Petrol,5,0,97,1,1400,1060,11500,55
54465,Petrol,5,0,110,0,1600,1075,10500,50
53700,Petrol,5,0,97,1,1400,1060,10900,46
53408,Petrol,5,0,110,1,1600,1080,11900,51
53268,Petrol,5,0,110,1,1600,1080,13950,51
53116,Petrol,3,0,97,1,1400,1025,10950,49
52000,Petrol,3,0,97,0,1400,1025,10000,56
50400,Petrol,5,0,110,0,1600,1080,11450,50
50000,Petrol,3,0,97,1,1400,1025,9400,54
49568,Petrol,3,0,110,1,1600,1105,18950,49
49473,Petrol,3,0,110,0,1600,1055,11450,51
49366,Petrol,3,0,97,1,1400,1025,9950,54
48731,Petrol,3,0,110,1,1600,1055,10500,56
48071,Petrol,3,0,97,0,1400,1025,9950,48
47852,Petrol,4,0,110,1,1600,1030,10250,54
47768,Petrol,3,0,110,0,1600,1055,10850,54
47689,Petrol,5,0,110,0,1600,1075,11895,52
47219,Petrol,5,0,110,1,1600,1080,11950,50
47211,Petrol,5,0,110,1,1600,1070,10750,56
46856,Petrol,5,0,97,0,1400,1060,9550,54
46500,Petrol,5,0,86,0,1300,1035,10950,56
46449,Petrol,4,0,110,1,1600,1035,11750,52
46391,Petrol,5,0,110,0,1600,1075,10950,47
46230,Petrol,3,0,110,1,1600,1055,12450,54
46029,Petrol,4,0,110,1,1600,1030,10500,52
46000,Petrol,3,0,97,0,1400,1025,10900,50
45900,Petrol,5,0,110,1,1600,1075,12950,50
45850,Petrol,5,0,97,0,1400,1060,10950,47
45336,Petrol,5,0,110,1,1600,1080,12500,56
44537,Petrol,3,0,97,0,1400,1025,9950,55
43700,Petrol,3,0,86,1,1300,1025,10750,56
43120,Petrol,3,0,97,1,1400,1030,12500,48
41710,Petrol,3,0,110,0,1600,1040,10450,49
41700,Petrol,3,0,97,1,1400,1025,10750,52
41636,Petrol,5,0,110,1,1600,1105,12950,49
40836,Petrol,3,1,110,0,1600,1075,11950,49
40000,Petrol,5,0,110,0,1600,1080,11000,47
39706,Petrol,5,0,110,1,1600,1080,13500,50
39291,Petrol,3,0,110,1,1600,1040,10950,54
39000,Petrol,3,0,97,0,1400,1025,10750,54
38900,Petrol,3,0,97,1,1400,1025,8950,47
37461,Petrol,3,0,97,0,1400,1025,9750,56
37000,Petrol,3,0,97,1,1400,1025,10900,54
36406,Petrol,4,0,110,1,1600,1035,10995,55
36005,Petrol,5,0,97,1,1400,1065,10750,48
36000,Petrol,5,0,110,1,1600,1075,10950,52
35823,Petrol,5,0,110,0,1600,1075,11500,52
35230,Petrol,3,0,97,0,1400,1025,10950,56
34890,Petrol,3,0,97,0,1400,1025,9980,49
33998,Petrol,5,0,110,0,1600,1080,11950,56
31579,Petrol,3,0,97,0,1400,1025,10500,52
29650,Petrol,3,0,86,0,1300,1025,9950,55
29500,Petrol,3,0,110,1,1600,1055,12900,52
28656,Petrol,3,0,97,0,1400,1085,9950,48
27500,Petrol,3,0,97,1,1400,1025,9950,55
26938,Petrol,3,0,110,1,1600,1040,10950,48
26624,Petrol,5,0,97,0,1400,1060,10950,53
26221,Petrol,3,0,97,1,1400,1025,9950,47
22500,Petrol,3,0,97,1,1400,1025,10800,50
19313,Petrol,3,0,97,0,1400,1025,10500,56
17619,Petrol,4,0,110,0,1600,1030,10450,50
15000,Petrol,3,0,97,1,1400,1025,10450,48
10210,Petrol,5,0,97,0,1400,1065,12950,50
1,Diesel,3,0,90,1,2000,1260,7500,50
204250,Diesel,3,0,72,0,2000,1115,7900,68
194545,Petrol,4,0,86,0,1300,1000,5950,68
190900,Diesel,3,0,72,1,2000,1115,7500,59
183500,Diesel,5,0,72,1,2000,1140,7500,62
176184,Diesel,3,0,72,1,2000,1115,6900,65
155500,Petrol,5,0,110,1,1600,1050,7950,67
154783,Diesel,3,0,72,1,2000,1120,7750,59
154462,Diesel,5,0,72,1,2000,1135,7950,64
150585,Petrol,3,0,110,1,1600,1065,8250,64
149000,Diesel,5,0,90,1,2000,1135,6250,67
144521,Diesel,5,0,72,1,2000,1135,6900,59
140168,Diesel,3,0,72,1,2000,1115,7350,65
140000,Petrol,5,0,110,1,1600,1085,8950,68
139800,Diesel,3,0,72,0,2000,1115,6900,60
137050,CNG,3,0,110,1,1600,1078,8950,59
136956,Petrol,3,0,110,0,1600,1065,8750,61
135337,CNG,5,0,110,1,1600,1120,7950,67
133769,Diesel,3,0,72,1,2000,1120,8950,64
130270,Petrol,3,0,110,0,1600,1050,7750,60
130000,Diesel,4,0,72,1,2000,1135,7500,59
127000,Diesel,5,0,72,1,2000,1135,8950,67
126800,Diesel,5,0,72,0,2000,1135,9800,67
126452,Petrol,5,0,110,1,1600,1085,9450,66
125175,Diesel,5,0,116,0,2000,1150,8950,62
125000,Diesel,3,0,72,1,2000,1115,8750,68
123000,Diesel,5,0,72,0,2000,1135,10500,61
120400,Petrol,5,0,110,0,1600,1090,10450,64
120000,Diesel,4,0,72,0,2000,1100,9950,66
119541,Petrol,3,0,110,0,1600,1055,9950,68
118000,Diesel,5,0,72,1,2000,1150,9950,64
117955,Petrol,4,1,110,1,1600,1065,8600,68
117000,Diesel,3,0,72,0,2000,1115,6950,68
116000,Petrol,5,0,86,0,1300,1045,8000,64
115715,Petrol,5,0,110,0,1600,1070,9950,58
115191,CNG,4,0,110,1,1600,1079,9450,60
114383,Diesel,3,0,90,0,2000,1260,6950,65
113700,Petrol,5,0,110,1,1600,1065,8250,59
113118,Petrol,3,0,86,1,1300,1020,9950,67
112827,Petrol,5,0,86,1,1300,1040,8250,59
112000,Petrol,3,0,110,1,1600,1065,10500,66
111769,Petrol,3,0,110,0,1600,1065,9750,65
110853,Petrol,5,0,110,1,1600,1070,9250,61
109230,Petrol,3,0,110,0,1600,1050,7750,63
109150,Petrol,5,0,110,0,1600,1075,9500,68
108793,Petrol,4,0,110,1,1600,1035,9950,67
105942,Petrol,5,0,86,0,1300,1040,9750,58
104299,Petrol,5,0,110,1,1600,1085,8495,68
104000,Petrol,3,0,86,0,1300,1020,9250,67
104000,Petrol,3,0,86,1,1300,1015,6900,68
103400,Petrol,5,0,110,1,1600,1075,9500,63
102807,Petrol,5,0,86,0,1300,1055,9250,63
102300,Diesel,5,0,72,1,2000,1135,9950,57
102106,Petrol,3,0,110,0,1600,1050,7950,61
101889,Petrol,5,0,110,1,1600,1075,8750,68
101469,Petrol,3,0,110,1,1600,1065,8950,63
101001,Petrol,5,0,110,0,1600,1075,8950,68
99781,Petrol,5,0,110,1,1600,1085,9450,67
98500,Petrol,5,0,110,1,1600,1075,9250,65
98291,Petrol,4,0,86,0,1300,1000,8750,64
97173,Petrol,3,0,86,0,1300,1015,9900,65
96000,Diesel,4,0,72,0,2000,1100,12250,60
95147,Petrol,3,0,110,1,1600,1050,10250,61
95000,Petrol,3,0,110,0,1600,1050,8950,68
95000,Petrol,3,0,110,1,1600,1050,7999,65
94504,Petrol,4,0,86,1,1300,1000,8250,63
93408,Petrol,3,0,86,0,1300,1015,8450,65
93098,Petrol,5,0,110,1,1600,1075,10500,62
92922,Diesel,4,0,72,1,2000,1100,8500,67
92498,Petrol,3,0,110,1,1600,1050,9500,61
92226,Petrol,3,0,110,0,1600,1065,9450,65
91333,Petrol,3,0,110,1,1600,1050,8250,64
91246,Petrol,3,0,86,1,1300,1015,8750,65
91000,Petrol,5,0,110,1,1600,1075,9500,58
90000,Petrol,3,0,110,0,1600,1050,8490,62
89000,Petrol,5,0,110,1,1600,1085,9950,63
88807,Petrol,3,0,110,0,1600,1050,8500,68
88685,Petrol,5,0,110,0,1600,1070,8450,63
88667,Petrol,4,0,110,1,1600,1040,7900,62
88127,Petrol,3,0,86,0,1300,1015,7950,61
88000,Petrol,3,0,86,0,1300,1020,6900,62
87821,Petrol,3,0,86,1,1300,1015,8150,65
87654,Petrol,5,1,86,1,1300,1065,10995,59
86888,Petrol,3,0,110,1,1600,1050,8900,59
86714,Petrol,4,0,110,1,1600,1035,8950,68
85000,Petrol,3,0,86,1,1300,1025,10500,60
84976,Petrol,4,0,110,1,1600,1035,9250,68
84549,Petrol,5,0,110,0,1600,1075,10450,62
84482,Petrol,5,0,110,1,1600,1075,9250,68
83560,Petrol,3,0,86,0,1300,1015,8750,67
83000,Petrol,5,1,107,1,1600,1100,9800,68
82723,Petrol,3,0,86,0,1300,1015,8250,64
82254,Petrol,5,0,110,0,1600,1050,9750,58
82000,Petrol,3,0,86,1,1300,1015,7450,65
81250,Petrol,3,0,110,0,1600,1050,8250,66
81170,Petrol,4,0,110,1,1600,1040,8950,61
81083,Petrol,3,0,86,0,1300,1015,8750,66
80714,Petrol,5,0,110,1,1600,1075,10450,61
80439,Petrol,4,0,110,1,1600,1035,8450,65
80430,Petrol,3,0,110,1,1600,1065,9950,59
80426,Petrol,3,0,110,1,1600,1055,9950,68
80153,Petrol,5,0,110,0,1600,1070,9950,65
80121,Petrol,5,0,110,0,1600,1070,9500,68
80000,Petrol,5,0,110,0,1600,1075,10950,62
80000,Petrol,2,0,86,1,1300,1015,8250,65
79762,Petrol,3,0,86,1,1300,1015,9130,67
79660,Petrol,5,1,86,0,1300,1065,10950,59
78750,Diesel,5,0,90,1,1975,1155,10950,59
78521,Petrol,3,0,86,0,1300,1015,7950,68
78356,Petrol,3,0,86,1,1300,1015,7950,64
78063,Petrol,5,1,107,1,1600,1100,9500,61
77821,Petrol,5,0,110,1,1600,1075,10950,67
77695,Petrol,4,0,110,1,1600,1035,9750,68
77500,Petrol,3,0,110,1,1600,1050,9750,65
77457,Petrol,3,0,110,1,1600,1055,9450,63
77008,Petrol,3,0,86,1,1300,1015,8950,68
76791,Petrol,5,0,110,1,1600,1070,8900,66
76162,Petrol,5,0,110,1,1600,1075,8950,59
76155,Petrol,4,0,110,1,1600,1035,8990,65
75609,Petrol,3,0,86,1,1300,1015,8950,61
75000,Petrol,5,0,110,1,1600,1075,9900,68
75000,Petrol,3,0,86,0,1300,1015,8950,65
74889,Petrol,3,0,86,1,1300,1015,7950,68
74875,Petrol,5,0,110,0,1600,1070,7750,68
74747,Petrol,5,0,110,1,1600,1075,8950,63
74720,Petrol,5,0,110,1,1600,1085,11950,60
74457,Petrol,5,0,110,0,1600,1075,8950,62
74337,Petrol,5,0,86,0,1300,1035,11950,60
74179,Petrol,3,0,110,1,1600,1050,8250,65
73936,Petrol,5,0,86,1,1300,1050,8995,67
73894,Petrol,3,0,110,1,1600,1065,9995,61
73500,Petrol,3,0,110,1,1600,1050,9250,64
73376,Petrol,5,0,110,0,1600,1070,10950,64
72928,Petrol,5,0,110,1,1600,1075,9950,58
72522,Petrol,3,0,110,1,1600,1050,8250,63
72000,Petrol,3,0,86,1,1300,1015,9450,64
72000,Petrol,3,0,86,0,1300,1015,7950,57
71317,Petrol,3,0,110,0,1600,1050,8950,65
71000,Petrol,5,0,110,0,1600,1070,10950,62
70954,Petrol,3,0,110,0,1600,1050,8950,60
70908,Petrol,5,0,86,0,1300,1035,9450,63
70560,Petrol,3,0,110,1,1600,1050,8000,58
70552,Petrol,5,0,110,0,1600,1075,9900,67
70453,Diesel,5,0,72,0,2000,1135,10900,60
70218,Petrol,3,0,110,1,1600,1050,9450,59
70068,Petrol,5,0,110,1,1600,1075,9500,65
70000,Petrol,3,1,107,1,1587,1065,10500,67
69103,Petrol,4,0,110,0,1600,1035,9750,68
69022,Petrol,5,0,86,1,1300,1035,6950,58
69000,Petrol,3,0,110,1,1600,1065,9650,67
68865,Petrol,3,0,110,1,1600,1065,9950,68
68453,Petrol,5,0,110,1,1600,1070,8950,63
68238,Petrol,5,0,86,0,1300,1050,9900,63
68000,Petrol,5,0,110,0,1600,1075,10500,65
67146,Petrol,5,0,110,1,1600,1075,10950,68
67003,Petrol,4,0,110,1,1600,1035,10500,65
66785,Petrol,3,1,86,0,1300,1045,10400,68
66550,Petrol,3,0,86,0,1332,1010,8800,68
66259,Petrol,3,0,110,1,1600,1065,10500,61
66000,Petrol,3,0,86,1,1300,1015,7800,65
66000,Petrol,3,0,110,0,1600,1050,9950,61
65785,Petrol,5,0,110,1,1600,1075,10950,67
65513,Petrol,4,1,110,1,1600,1070,9950,65
65463,Petrol,5,0,110,1,1600,1070,9950,59
65259,Petrol,3,0,110,1,1600,1050,9250,60
65000,Petrol,5,0,110,0,1600,1070,9000,68
65000,Petrol,4,0,110,0,1600,1035,8950,57
64950,Petrol,5,0,110,1,1600,1075,9950,68
64914,Petrol,5,0,110,1,1600,1070,8500,60
64797,Petrol,5,0,110,1,1600,1075,7995,62
64772,Petrol,3,0,110,1,1600,1050,8750,65
64690,Petrol,3,0,86,0,1300,1020,9750,63
64630,Petrol,5,0,110,0,1600,1070,10950,65
64613,Petrol,5,0,110,1,1600,1085,9750,67
63881,Petrol,3,0,86,0,1300,1015,9500,66
63870,Diesel,5,0,72,0,2000,1135,10950,58
63328,Petrol,5,1,86,0,1300,1065,9750,66
63000,Petrol,3,1,86,0,1300,1050,10450,61
62396,Petrol,3,0,110,0,1600,1050,9850,65
62377,Petrol,5,0,110,1,1600,1075,9450,62
62316,Petrol,3,0,110,1,1600,1050,10295,67
62292,Petrol,3,0,110,1,1600,1065,9750,68
62225,Petrol,3,0,110,1,1600,1050,8950,65
62222,Petrol,5,0,110,0,1600,1075,9900,68
62135,Petrol,5,0,86,1,1300,1035,8750,66
62024,Petrol,5,0,110,1,1600,1075,9950,58
61977,Petrol,3,0,86,1,1300,1015,8500,60
61930,Petrol,4,0,110,1,1600,1035,9950,62
61568,Petrol,4,0,110,1,1600,1035,9795,68
61504,Petrol,4,0,110,1,1600,1035,8750,68
61343,Petrol,5,0,110,1,1600,1075,9950,58
61149,Petrol,5,0,86,1,1300,1040,9750,62
61127,Petrol,3,0,110,1,1600,1050,8900,59
61100,Petrol,3,0,86,1,1300,1015,7950,60
61000,Petrol,3,0,110,1,1600,1050,9450,57
60708,Petrol,5,0,86,1,1300,1045,10995,59
60532,Petrol,3,0,110,1,1600,1050,8950,61
60000,Petrol,4,1,86,0,1300,1030,8250,67
60000,Petrol,3,0,86,1,1300,1015,8950,66
59000,Petrol,3,0,110,0,1600,1050,8950,63
59000,Petrol,5,0,86,1,1300,1035,9950,63
59000,Petrol,5,0,110,1,1600,1070,9450,61
59000,Petrol,3,0,110,0,1600,1050,9950,65
58860,Petrol,3,0,110,1,1600,1055,9750,68
58654,Petrol,5,0,110,1,1600,1070,8250,66
58300,Petrol,3,0,86,1,1300,1015,7750,65
58269,Petrol,3,0,110,1,1600,1050,8950,60
58136,Petrol,5,0,110,1,1600,1075,9950,64
58113,Petrol,3,1,107,1,1600,1085,9450,66
58058,Petrol,3,0,110,1,1600,1065,12950,67
58000,Petrol,3,0,110,1,1600,1050,9950,58
57565,Petrol,5,0,86,1,1300,1035,7950,68
57179,Petrol,5,0,110,1,1600,1075,9900,62
57169,Petrol,3,0,110,1,1600,1065,9995,61
57124,Petrol,3,0,110,1,1600,1065,9950,63
57000,Petrol,3,0,110,1,1600,1050,9950,63
57000,Petrol,3,0,110,0,1600,1050,8250,67
57000,Petrol,5,0,86,1,1300,1035,9950,63
56259,Petrol,3,0,86,0,1300,1015,8950,59
56209,Petrol,3,1,107,1,1600,1080,10950,62
55942,Petrol,5,0,110,1,1600,1070,9950,63
55844,Petrol,5,0,86,1,1300,1045,9995,57
55747,Petrol,3,0,86,0,1300,1020,8750,61
55478,Petrol,5,0,86,0,1300,1045,10950,58
55085,Petrol,5,1,107,0,1600,1105,10350,60
55000,Petrol,3,0,86,1,1300,1015,8950,65
54847,Petrol,3,0,110,0,1600,1050,8900,67
54554,Petrol,3,0,110,1,1600,1065,10250,60
54000,Petrol,3,0,110,1,1600,1055,9250,61
54000,Petrol,5,0,86,0,1300,1035,7350,58
54000,Petrol,3,0,110,1,1600,1135,10250,57
53000,Petrol,3,1,110,1,1587,1075,8950,68
52968,Petrol,3,0,110,1,1600,1050,9500,64
52800,Petrol,3,0,86,1,1300,1015,8450,67
52548,Petrol,3,0,110,0,1600,1050,8950,57
52487,Petrol,4,0,110,1,1600,1035,8400,60
52112,Petrol,4,0,110,1,1600,1035,8900,61
51421,Petrol,5,1,110,0,1600,1105,10950,58
51235,Petrol,4,0,86,1,1300,1000,8950,61
50925,Petrol,5,0,110,1,1600,1070,8895,61
50806,Petrol,3,0,86,0,1300,1480,9390,66
50469,Petrol,5,0,110,1,1600,1070,8750,59
50173,Petrol,5,0,110,1,1600,1075,9750,61
50000,Petrol,5,0,110,1,1600,1075,9950,62
49585,Petrol,5,0,110,0,1600,1085,9900,67
49258,Petrol,4,0,110,1,1600,1035,9500,62
49000,Petrol,3,0,110,0,1600,1050,9950,61
47612,Petrol,3,0,86,0,1300,1015,9950,63
47500,Petrol,5,0,86,1,1300,1035,10495,68
47171,Petrol,3,0,86,1,1300,1015,8500,58
47014,Petrol,3,0,86,1,1300,1015,8950,65
45681,Petrol,3,0,110,0,1600,1050,8745,65
45549,Petrol,3,0,86,1,1300,1015,8750,65
45000,Petrol,5,0,110,0,1600,1075,8850,65
45000,Petrol,5,0,86,1,1300,1035,7950,66
45000,Petrol,4,0,110,1,1600,1035,9450,63
45000,Petrol,3,1,107,0,1600,1085,9950,61
44597,Petrol,3,0,86,0,1300,1015,9950,61
44458,Petrol,3,0,86,0,1300,1015,9995,68
43426,Petrol,5,0,110,1,1600,1070,10495,60
43000,CNG,4,1,110,1,1600,1114,7950,58
43000,Petrol,5,0,110,1,1600,1035,8950,68
43000,Petrol,3,0,86,0,1300,1015,7750,64
42750,Petrol,3,0,110,1,1600,1050,9950,68
42102,Petrol,5,0,110,1,1600,1075,9950,67
41586,Petrol,5,0,110,1,1600,1114,9950,63
41200,Petrol,5,0,110,0,1600,1070,9900,64
40000,Petrol,4,0,86,1,1300,1000,8950,60
39222,Petrol,3,1,86,1,1300,1045,8950,66
37759,Petrol,5,0,110,1,1600,1070,9750,68
37500,Petrol,5,0,110,0,1600,1085,10950,61
37000,Petrol,3,0,86,0,1300,1015,9750,62
36943,Petrol,5,0,110,0,1600,1070,9500,60
36923,Petrol,5,0,86,0,1300,1050,9950,63
36658,Petrol,3,0,110,0,1600,1050,9950,66
36000,Petrol,3,0,86,1,1300,1015,8250,65
36000,Petrol,3,0,110,1,1600,1065,10450,65
35512,Petrol,3,0,110,1,1600,1065,10950,62
35000,Petrol,3,0,110,1,1600,1050,8900,68
35000,Petrol,5,0,86,1,1300,1045,10900,57
34114,Petrol,3,0,110,0,1600,1050,9750,64
34000,Petrol,5,0,110,0,1600,1075,11950,58
33847,Petrol,4,0,86,1,1300,1000,7900,68
33000,Petrol,3,0,110,0,1600,1050,10450,65
32150,Petrol,5,0,110,1,1600,1085,10950,59
31588,Petrol,3,0,86,1,1300,1015,9950,65
31000,Petrol,4,0,110,1,1600,1035,10750,68
30634,Petrol,5,0,110,1,1600,1075,10450,58
30300,Petrol,4,0,86,1,1300,1000,9450,68
28500,Petrol,3,1,86,1,1300,1045,10750,60
28500,Petrol,5,0,110,0,1600,1075,10950,60
28000,Petrol,3,0,86,0,1300,1015,10000,57
26698,Petrol,3,0,110,0,1600,1055,10500,68
26000,Petrol,3,1,107,0,1600,1085,12500,62
25505,Petrol,5,0,86,1,1300,1035,8950,62
22835,Petrol,3,0,110,1,1600,1050,9245,66
22705,Petrol,5,0,110,1,1600,1075,10950,59
22178,Petrol,3,0,86,1,1300,1015,9500,63
17345,Petrol,3,0,110,1,1600,1050,10900,62
15535,Petrol,4,1,86,1,1300,1030,10950,67
218118,Diesel,5,0,72,0,2000,1150,6950,79
217764,Diesel,5,0,72,1,2000,1135,6000,78
207114,CNG,5,0,110,1,1600,1114,5250,79
203254,Diesel,3,0,72,1,2000,1135,4400,74
197501,Diesel,5,0,72,0,2000,1135,8500,69
191620,Diesel,5,0,72,0,2000,1150,6950,76
183277,Diesel,3,0,72,0,2000,1115,5750,76
178800,Diesel,3,0,72,0,2000,1115,6500,70
176000,Petrol,5,0,86,0,1300,1035,6500,78
172980,Diesel,5,0,72,1,2000,1135,10500,77
170000,Diesel,4,0,72,0,2000,1100,8500,77
164000,Petrol,3,0,110,1,1600,1050,7950,71
158492,Petrol,3,0,86,0,1300,1015,6550,73
156169,Petrol,5,0,86,1,1300,1035,6750,73
155210,Petrol,3,0,110,0,1600,1050,7950,78
155000,Diesel,3,0,72,0,2000,1115,7950,69
151300,Diesel,5,0,72,1,2000,1150,7750,70
151000,CNG,5,0,110,1,1600,1094,6450,71
150000,Diesel,3,0,72,1,2000,1135,7900,75
146197,Petrol,3,0,86,0,1300,1015,5600,75
145996,Petrol,4,0,110,0,1600,1035,5950,77
139145,Diesel,2,0,73,0,2000,1115,7950,71
138500,Petrol,5,0,86,0,1300,1050,8950,79
137178,Diesel,5,0,90,1,2000,1135,9500,80
134889,Diesel,3,0,72,1,2000,1115,8600,76
131500,Diesel,5,0,72,0,2000,1140,7950,79
131307,Petrol,3,0,110,1,1600,1050,6950,77
130025,Petrol,3,0,110,1,1600,1050,7250,74
127159,Diesel,3,0,72,1,2000,1115,7250,71
126478,Petrol,4,0,110,1,1600,1035,5250,72
126000,Petrol,5,0,110,1,1600,1050,7900,77
125778,Petrol,3,0,110,0,1600,1050,6900,76
124910,Diesel,5,0,72,0,2000,1135,7250,74
124743,Petrol,3,0,110,1,1600,1050,8450,70
124591,Petrol,5,0,110,1,1600,1075,7950,76
124057,Petrol,3,0,110,1,1600,1050,7950,74
123104,Petrol,5,0,110,1,1600,1070,6650,75
123077,Petrol,3,0,86,1,1300,1015,7950,74
122820,Petrol,5,0,86,0,1300,1040,7250,80
122290,Petrol,3,0,110,0,1600,1050,7450,77
121900,Petrol,4,0,110,1,1600,1035,7950,74
121545,Petrol,5,0,110,1,1600,1070,7250,77
120474,Diesel,3,0,72,1,2000,1115,8250,71
120000,Petrol,5,0,110,0,1600,1085,8500,71
115877,Petrol,4,0,110,0,1600,1035,5750,73
115000,Petrol,5,1,107,1,1600,1100,6500,78
114258,Petrol,5,0,86,1,1300,1050,7600,77
112307,Petrol,5,0,110,1,1600,1070,7450,74
112000,Petrol,3,0,86,1,1300,1015,7350,72
110887,Petrol,3,0,110,1,1600,1055,7250,80
110634,Petrol,3,0,86,1,1300,1015,6500,72
110000,Petrol,4,0,110,1,1600,1035,6800,80
109540,Petrol,5,0,110,0,1600,1085,8700,75
109263,Petrol,5,0,110,0,1600,1070,7500,78
107516,Petrol,3,0,110,1,1600,1050,7750,71
107108,Petrol,3,0,110,1,1600,1050,7950,73
107000,Petrol,3,0,110,1,1600,1050,9950,75
106150,Petrol,3,0,86,0,1300,1015,8750,71
105152,Petrol,3,0,86,0,1300,1015,6750,77
105135,Petrol,3,0,110,1,1600,1050,6500,80
104344,Petrol,3,0,110,1,1600,1050,8750,76
104150,Petrol,3,0,110,1,1600,1050,7950,74
104000,Petrol,3,0,86,1,1300,1010,6750,74
103121,Petrol,5,0,86,1,1300,1035,7950,73
101855,Petrol,5,0,110,1,1600,1070,6450,75
101773,Petrol,3,0,110,0,1600,1050,6900,74
101159,Petrol,5,0,110,1,1600,1085,8450,75
101000,Petrol,3,0,86,0,1300,1015,6750,74
100719,Petrol,5,0,110,0,1600,1070,9500,79
100487,Petrol,4,0,110,0,1600,1035,7750,78
100458,Petrol,5,0,110,0,1600,1085,8500,80
100192,Petrol,3,0,110,1,1600,1050,7795,75
99971,Petrol,3,0,110,1,1600,1050,7950,73
99245,Petrol,5,0,110,1,1600,1114,6950,72
98154,Petrol,3,0,110,1,1600,1050,8450,71
97548,Petrol,5,0,86,0,1300,1035,7950,80
97494,Petrol,5,0,110,1,1600,1085,8950,73
97085,Petrol,5,0,110,1,1600,1085,8900,73
97000,Petrol,4,0,110,0,1600,1035,7950,69
96000,Petrol,3,0,86,1,1300,1015,7250,78
96000,Petrol,5,0,110,1,1600,1085,9250,74
95700,Petrol,5,0,110,0,1600,1085,6990,79
95651,Petrol,5,0,110,1,1600,1070,7750,78
95000,Petrol,5,0,86,1,1300,1035,6950,79
94447,Petrol,3,0,110,0,1600,1050,7250,80
94079,Petrol,5,0,110,1,1600,1085,9950,80
93841,Petrol,5,0,110,0,1600,1070,9250,80
93066,Petrol,5,0,110,1,1600,1075,8250,72
93000,Petrol,5,0,110,1,1600,1075,8250,77
92830,Petrol,3,0,86,1,1300,1015,6250,80
92255,Petrol,5,1,107,0,1600,1105,9900,80
92096,Petrol,5,0,86,1,1300,1035,7300,80
91921,Petrol,3,0,86,1,1300,1020,8950,72
91900,Petrol,3,0,86,1,1300,1015,6500,70
91082,Petrol,3,0,110,1,1600,1050,7450,75
90370,Petrol,5,0,86,1,1300,1035,7950,71
90345,Petrol,5,0,86,1,1300,1035,8500,78
90011,Petrol,3,1,86,0,1300,1045,7950,78
90000,Petrol,3,0,86,1,1300,1015,6750,77
89953,Petrol,5,0,110,0,1600,1114,7500,78
89800,Diesel,3,0,72,1,2000,1115,8750,74
89739,Petrol,5,0,86,1,1300,1035,8750,79
89520,Petrol,3,0,110,1,1600,1050,8950,76
89507,Petrol,3,0,86,0,1300,1015,7450,75
88700,Petrol,3,0,110,1,1600,1050,8950,74
88500,Petrol,5,0,110,1,1600,1075,7850,72
88186,Diesel,3,0,72,1,2000,1115,6950,73
88000,Petrol,3,0,110,1,1600,1050,7200,75
87358,Petrol,3,0,110,1,1600,1050,7500,73
87000,Petrol,4,0,110,1,1600,1035,7950,70
87000,Petrol,3,0,86,1,1300,1015,7950,73
86860,Petrol,5,0,110,0,1600,1075,8250,72
86109,Petrol,3,0,110,1,1600,1055,6750,80
86000,Petrol,5,0,86,1,1300,1040,8750,79
85864,Diesel,5,0,72,1,2000,1135,8500,70
85470,Petrol,3,1,107,0,1600,1080,9450,70
85200,Petrol,3,0,110,1,1600,1050,7950,73
85000,Petrol,3,0,110,1,1600,1055,7900,70
84988,Petrol,3,0,110,1,1600,1050,8500,73
84966,Petrol,5,0,110,0,1600,1070,8250,79
84123,Petrol,3,0,110,0,1600,1050,7950,74
84000,Petrol,5,0,110,1,1600,1065,7250,78
84000,Petrol,5,0,110,1,1600,1085,7750,77
83850,Petrol,3,0,110,1,1600,1055,8700,75
82700,Petrol,3,0,110,0,1600,1050,7950,71
82675,Petrol,3,0,86,0,1300,1015,7450,78
82256,Petrol,3,0,110,1,1600,1050,7750,75
82103,Petrol,3,0,86,1,1300,1015,6950,77
82000,Petrol,5,0,110,1,1600,1075,8950,71
81988,Petrol,5,0,110,1,1600,1070,7495,79
81663,Petrol,3,0,110,0,1600,1050,6950,70
80486,Petrol,5,0,110,1,1600,1070,7990,77
80000,Petrol,4,0,110,1,1600,1065,7250,78
78894,Petrol,5,0,110,0,1600,1070,7750,74
78689,Petrol,4,0,110,0,1600,1035,7250,78
78435,Petrol,3,0,86,0,1300,1015,8950,77
78260,Petrol,3,0,110,0,1600,1050,8500,71
78120,Petrol,5,0,110,1,1600,1075,7950,72
77000,Petrol,3,0,86,0,1300,1015,6950,77
77000,Petrol,3,0,110,0,1600,1050,8000,78
76382,Petrol,3,0,110,1,1600,1055,7950,75
76268,Petrol,3,0,86,1,1300,1015,8500,76
76151,Petrol,3,0,86,1,1300,1015,7490,73
76000,Petrol,3,0,110,0,1600,1050,8250,80
75840,Petrol,5,0,86,0,1300,1035,7950,72
75799,Petrol,3,0,110,1,1600,1050,9500,77
75323,Petrol,5,0,86,1,1300,1050,8450,78
75322,Petrol,4,0,110,1,1600,1115,7995,79
75226,Petrol,4,0,110,0,1600,1035,8750,78
75085,Petrol,5,0,86,0,1300,1035,5950,71
75000,Petrol,5,0,110,0,1600,1075,8500,73
75000,Petrol,4,0,86,1,1300,1000,8950,69
75000,Petrol,4,0,86,1,1300,1000,8750,69
74926,Petrol,5,0,110,1,1600,1075,7600,78
74785,Petrol,5,0,110,1,1600,1070,7145,80
74573,Petrol,5,0,110,1,1600,1085,8450,69
74567,Petrol,3,0,86,1,1300,1015,5950,75
74196,Petrol,5,0,110,0,1600,1075,9000,80
74151,Petrol,3,0,110,1,1600,1050,7250,80
74096,Petrol,3,0,110,1,1600,1050,7400,75
74000,Petrol,3,0,110,0,1600,1050,7750,71
74000,Petrol,3,0,86,1,1300,1015,7500,75
73460,Petrol,5,0,110,1,1600,1070,7400,75
73116,Petrol,5,0,110,1,1600,1075,8950,76
72328,Petrol,5,0,110,1,1600,1075,7950,79
72222,Petrol,5,0,110,1,1600,1070,7950,78
72090,Petrol,5,0,110,1,1600,1070,7750,78
72000,Petrol,4,0,110,1,1600,1035,8250,78
71900,Petrol,3,0,86,1,1300,1015,7750,77
71740,Petrol,5,0,110,1,1600,1070,6950,80
71500,Petrol,4,0,110,1,1600,1035,7500,80
71359,Petrol,3,0,110,1,1600,1050,7750,79
71263,Petrol,3,0,86,0,1300,1015,5950,79
71186,Petrol,3,0,110,0,1600,1050,7500,78
71054,Petrol,3,1,86,0,1300,1045,8950,72
70939,Petrol,5,1,110,1,1600,1100,6900,80
70482,Petrol,5,0,110,1,1600,1075,7500,73
70124,Petrol,3,0,110,1,1600,1050,8750,77
70039,Petrol,3,0,110,1,1600,1050,7500,76
69904,Petrol,5,0,110,0,1600,1070,9950,80
69320,Petrol,5,0,110,1,1600,1070,9950,75
69000,Petrol,5,0,110,1,1600,1075,9250,78
68945,Petrol,5,0,110,1,1600,1085,9950,79
68285,Petrol,3,0,110,1,1600,1050,5950,74
67451,Petrol,4,0,86,1,1300,1000,7450,75
67266,Petrol,5,0,86,1,1300,1035,8250,76
67255,Petrol,5,0,110,0,1600,1085,8500,78
67100,Petrol,5,0,110,1,1600,1075,8500,70
67092,Diesel,3,0,72,1,2000,1115,9400,69
66880,Petrol,3,0,110,1,1600,1055,7250,80
66855,Petrol,5,0,110,1,1600,1075,8950,79
66843,Petrol,5,0,110,1,1600,1075,9450,80
66718,Petrol,3,0,110,1,1600,1050,8500,74
65950,Petrol,5,0,110,0,1600,1070,7400,80
65500,Petrol,3,0,86,1,1300,1015,8950,78
65254,Petrol,3,0,86,1,1300,1015,7750,79
65021,Diesel,3,0,72,1,2000,1115,8950,71
64280,Petrol,4,0,110,0,1600,1035,8495,77
64000,Petrol,3,1,107,0,1600,1085,10000,75
64000,Petrol,5,0,110,1,1600,1070,6999,71
64000,Petrol,3,0,110,0,1600,1055,8950,80
63266,Petrol,4,0,110,1,1600,1035,9000,80
62595,Petrol,3,0,110,1,1600,1050,8950,77
62581,Petrol,5,0,110,0,1600,1075,6950,80
62285,Petrol,5,0,110,1,1600,1075,8500,77
61700,Petrol,5,0,110,0,1600,1070,8950,74
61648,Petrol,5,0,110,1,1600,1070,8250,77
61510,Petrol,4,0,110,0,1600,1035,7450,70
61165,Petrol,3,1,107,1,1600,1080,9000,79
60483,Petrol,5,0,110,1,1600,1075,8500,72
60476,Petrol,5,0,110,1,1600,1114,8250,80
60142,Petrol,3,0,110,0,1600,1050,9450,79
60000,Petrol,3,0,110,1,1600,1050,8400,77
60000,Petrol,3,0,110,0,1600,1050,7900,76
59326,Petrol,5,0,110,1,1600,1085,8750,80
59240,Petrol,3,0,110,1,1600,1050,9900,73
59164,Petrol,4,0,110,0,1600,1035,6495,71
59017,Petrol,3,1,107,1,1600,1080,8250,70
58454,Petrol,3,0,86,1,1300,1015,7500,74
57829,Petrol,3,0,110,0,1600,1050,9750,70
57787,Petrol,3,0,86,0,1300,1015,8250,80
57537,Petrol,5,0,86,1,1300,1050,8950,75
57263,Petrol,3,0,110,1,1600,1050,6750,76
57144,Petrol,5,0,110,1,1600,1070,7950,75
56566,Petrol,3,0,110,1,1600,1050,7800,73
56307,Petrol,3,0,110,1,1600,1050,8750,73
56214,Petrol,3,0,86,0,1300,1015,9500,79
56132,Petrol,4,0,110,0,1600,1035,7750,74
54439,Petrol,3,0,86,1,1300,1015,7750,77
53809,Petrol,3,0,110,1,1600,1050,5950,69
53133,Petrol,5,0,110,1,1600,1070,10950,76
52320,Petrol,5,0,110,0,1600,1070,9750,69
52287,Petrol,5,0,110,0,1600,1114,7450,78
52000,Petrol,5,0,110,0,1600,1075,8750,75
52000,Petrol,3,0,110,1,1600,1050,8750,69
52000,Petrol,4,1,110,1,1600,1065,8500,73
49827,Petrol,5,0,86,1,1300,1035,7500,79
49640,Petrol,4,0,110,1,1600,1035,7250,69
49580,Petrol,4,0,110,1,1600,1035,7450,80
49170,Petrol,3,0,86,0,1300,1045,8750,76
48838,Petrol,3,0,110,0,1600,1055,9800,77
48400,Petrol,5,0,110,1,1600,1075,8950,75
48242,Petrol,5,0,86,1,1300,1035,8950,74
47955,Petrol,5,0,110,1,1600,1070,7450,70
47633,Petrol,5,0,110,1,1600,1075,8950,71
47400,Petrol,5,0,86,1,1300,1040,10500,78
47360,Petrol,3,0,86,0,1300,1010,7000,73
45507,Petrol,3,0,110,1,1600,1050,8500,77
44850,Petrol,3,0,110,1,1600,1050,8950,70
44826,Petrol,5,0,110,0,1600,1075,8250,69
44444,Petrol,3,0,110,1,1600,1050,9250,80
43720,Petrol,5,0,110,1,1600,1070,7900,75
43622,Petrol,4,0,86,1,1300,1000,8500,78
42800,Petrol,3,0,110,1,1600,1050,9950,69
42317,Petrol,5,1,107,1,1600,1100,8750,74
42186,Petrol,3,0,110,1,1600,1050,7500,80
40093,Petrol,5,0,110,0,1600,1114,8950,79
39800,Petrol,3,1,107,0,1600,1080,8750,79
39168,Petrol,3,0,86,0,1300,1015,7750,73
38945,Petrol,3,0,110,1,1600,1050,8450,75
36537,Petrol,4,1,110,0,1600,1075,8150,76
35821,Petrol,3,1,86,0,1300,1015,7950,80
26000,Petrol,3,0,86,0,1300,1015,8450,72
20544,Petrol,3,0,86,1,1300,1025,7500,69
19000,Petrol,3,0,86,0,1300,1015,10845,72
16916,Petrol,3,0,86,1,1300,1015,7250,70
140700,Diesel,5,0,69,1,1900,1110,7750,48
77270,Petrol,4,0,110,1,1600,1035,11950,54
33230,Petrol,3,0,110,0,1600,1050,11500,55
36269,Petrol,5,0,110,1,1600,1075,10750,36
70932,Petrol,3,0,110,1,1600,1050,7450,77
60558,Petrol,4,0,110,1,1600,1105,9940,53
83908,Petrol,5,0,110,1,1600,1070,8750,62
5000,Petrol,5,0,110,1,1600,1130,21950,8
22780,Petrol,5,0,86,1,1300,1035,10500,41
58829,Petrol,3,0,110,0,1600,1050,8950,65
13253,Diesel,5,0,116,1,2000,1320,24950,8
45000,Petrol,5,0,110,1,1600,1050,10750,57
87083,Petrol,4,0,110,0,1600,1035,7450,72
66082,Petrol,5,0,110,0,1600,1070,9250,62
51000,Petrol,3,0,86,1,1300,1015,8950,65
23000,Petrol,5,0,110,1,1600,1130,19900,20
6500,Petrol,4,0,110,1,1600,1100,19500,14
81106,Diesel,5,0,69,1,1900,1140,13250,41
24000,Petrol,5,1,86,1,1300,1065,8950,78
45000,Petrol,3,0,110,1,1600,1050,9750,57
97534,Petrol,5,0,110,1,1600,1070,8900,78
71200,Petrol,5,0,110,1,1600,1075,12450,35
51874,Petrol,4,0,86,0,1300,1000,8950,70
41711,Diesel,3,0,90,1,2000,1165,13950,24
65988,Petrol,3,0,110,1,1600,1040,11950,35
45600,Petrol,5,1,110,1,1600,1105,13950,40
65170,Petrol,3,0,97,1,1400,1025,9950,52
60829,Petrol,5,0,110,1,1600,1075,11650,38
78076,Petrol,3,0,86,1,1300,1015,7950,65
49291,Petrol,3,0,110,1,1600,1040,12450,34
70116,Petrol,4,0,110,1,1600,1035,8450,64
123425,Diesel,5,0,69,1,1900,1140,13250,41
5278,Petrol,4,1,110,1,1600,1150,20950,14
75000,Petrol,5,0,110,1,1600,1070,8950,62
84402,Petrol,4,0,110,1,1600,1035,8950,73
65307,Petrol,3,0,110,1,1600,1055,6900,80
73172,Petrol,5,0,110,1,1600,1075,9500,58
29198,Petrol,5,0,97,1,1400,1060,12995,32
63634,Petrol,4,0,110,1,1600,1035,8750,75
75249,Petrol,4,0,110,1,1600,1035,11450,46
105000,Petrol,5,0,86,0,1300,1040,8500,62
80000,Petrol,5,0,86,0,1300,1015,7950,60
46327,Petrol,3,0,110,1,1600,1055,14990,38
58952,Petrol,3,0,110,1,1600,1050,6900,69
39704,Petrol,5,1,110,1,1600,1180,18950,23
79000,Petrol,3,0,110,1,1600,1050,8900,61
205000,Diesel,4,0,72,1,2000,1100,6950,58
56675,Petrol,3,0,97,1,1400,1025,9475,48
79000,Petrol,3,0,86,0,1300,1015,6900,69
160000,Petrol,3,0,86,0,1300,1015,6750,80
98000,Petrol,5,0,110,1,1600,1065,7950,77
82421,Petrol,3,0,110,1,1600,1065,10450,62
101791,Diesel,3,0,72,0,2000,1115,8250,57
98658,Petrol,3,0,86,1,1300,1020,8950,59
65400,Petrol,4,0,86,1,1300,1000,8100,68
83405,Petrol,5,0,110,1,1600,1070,6750,76
67762,Petrol,3,0,110,1,1600,1065,9750,67
48011,Petrol,4,0,110,1,1600,1030,13450,34
89757,Petrol,3,0,110,1,1600,1045,11500,44
57628,Petrol,5,0,110,0,1600,1075,8900,78
73300,Petrol,3,0,86,1,1300,1015,8900,64
89983,Petrol,3,0,110,0,1600,1055,8450,70
48952,Diesel,5,0,90,1,2000,1205,14750,40
62280,Petrol,5,0,97,1,1400,1060,10500,50
31480,Petrol,3,0,110,1,1600,1065,10750,60
64359,Petrol,3,0,110,1,1600,1105,16950,30
60724,Petrol,3,0,86,1,1300,1015,7995,65
32692,Petrol,3,0,97,1,1400,1100,14950,26
119742,Petrol,5,0,110,1,1600,1080,9000,48
64383,Petrol,3,0,86,0,1300,1015,8200,60
91399,Petrol,5,0,110,1,1600,1070,7950,78
61384,Petrol,3,0,110,1,1600,1050,8250,65
31461,Petrol,3,0,192,0,1800,1185,20950,25
73014,Petrol,5,0,110,1,1600,1075,8950,70
73638,Petrol,4,1,86,1,1300,1015,8450,78
58363,Petrol,3,0,110,1,1600,1055,12450,38
30964,Petrol,3,1,110,0,1600,1080,9950,78
18739,Petrol,3,0,192,0,1800,1185,22000,28
120196,Petrol,3,0,110,1,1600,1050,7750,74
32809,Petrol,5,0,97,1,1400,1110,17950,27
84000,Diesel,5,0,90,0,2000,1270,19000,23
71276,Petrol,5,0,110,0,1600,1080,10950,54
97234,Petrol,5,0,110,0,1600,1080,9950,55
23616,Petrol,5,0,110,1,1600,1075,13450,40
47237,Petrol,3,0,110,0,1600,1050,9500,66
62000,Petrol,5,0,110,1,1600,1075,12950,33
113997,Diesel,5,0,72,1,2000,1135,5150,56
99397,Petrol,5,0,86,0,1300,1035,6425,79
44830,Petrol,5,0,110,1,1600,1075,11700,40
71138,Diesel,3,0,69,0,1900,1105,12950,23
42000,Petrol,3,0,110,1,1600,1050,6950,72
112000,Diesel,4,0,72,0,2000,1135,7950,62
60000,Petrol,3,0,86,1,1300,1015,8950,65
111602,Petrol,3,0,86,1,1300,1015,7750,73
21651,Petrol,3,0,97,0,1400,1025,11950,41
85000,Petrol,3,0,110,1,1600,1050,10450,62
61166,Petrol,3,0,110,1,1600,1050,10500,59
85889,Petrol,3,0,110,0,1600,1065,11500,65
37111,Petrol,3,0,110,1,1600,1050,10950,60
179860,Diesel,5,0,90,1,2000,1205,11950,40
112963,Diesel,5,0,72,1,2000,1135,8950,73
1,Petrol,5,0,110,1,1600,1075,18245,9
115071,Petrol,3,0,110,1,1600,1055,7950,68
22648,Petrol,5,0,97,1,1400,1060,10950,50
64966,Petrol,3,0,86,0,1300,1020,8950,62
17016,Petrol,3,0,86,0,1300,1015,8500,71
60348,Petrol,4,0,110,0,1600,1030,10950,47
96000,Petrol,3,0,110,1,1600,1050,8950,67
96302,Petrol,3,0,86,1,1300,1015,6495,74
47750,Petrol,5,0,86,1,1300,1040,10500,62
10841,Diesel,5,0,90,1,2000,1270,21950,8
52383,Petrol,3,0,86,0,1300,1015,9250,66
58341,Petrol,4,1,86,1,1300,1030,7950,75
72215,Diesel,5,0,90,1,2000,1255,17950,22
27170,Petrol,5,0,97,1,1400,1060,11895,39
106108,Petrol,3,0,110,1,1600,1050,7750,72
115345,Petrol,5,0,110,1,1600,1070,6900,76
5309,Petrol,3,1,110,1,1600,1070,11250,47
43427,Petrol,3,0,110,1,1600,1040,12500,36
67010,Petrol,3,0,110,1,1600,1065,9950,59
39144,Petrol,3,0,110,1,1600,1050,8250,66
111392,CNG,3,0,110,0,1598,1083,7460,80
18500,Petrol,4,0,110,0,1600,1030,10250,39
121626,Petrol,5,0,86,0,1300,1050,7995,59
34000,Petrol,5,0,110,1,1600,1075,11500,46
143513,Diesel,5,0,69,0,1900,1140,10250,53
11000,Petrol,4,0,110,1,1600,1105,18950,16
68000,Petrol,3,1,86,1,1300,1045,8950,70
10000,Petrol,5,0,97,1,1400,1060,13500,43
76700,Petrol,5,0,86,1,1300,1035,9950,61
52141,Petrol,5,0,110,1,1600,1070,11950,55
194765,Diesel,3,0,72,0,2000,1120,6150,80
48738,Petrol,5,0,110,0,1600,1055,9950,63
49163,Petrol,5,1,110,0,1600,1165,15500,25
40214,Petrol,3,0,86,0,1300,1025,10950,57
91340,Petrol,3,0,110,1,1600,1055,10500,49
47451,Petrol,3,0,110,1,1600,1055,12950,53
102494,Petrol,5,0,110,0,1600,1090,9895,68
119289,Petrol,4,0,110,1,1600,1035,7950,68
61000,Diesel,3,0,90,0,2000,1170,12950,32
25228,Petrol,3,0,110,1,1600,1045,14950,43
94606,Petrol,3,0,110,0,1600,1065,9900,66
97046,Petrol,4,0,86,1,1300,1000,8950,66
93428,Petrol,5,0,110,1,1600,1075,10500,65
28227,Petrol,5,0,97,1,1400,1110,15750,23
81192,Petrol,3,0,110,1,1600,1065,10950,65
75429,Petrol,3,0,110,1,1600,1065,9950,67
144000,CNG,3,0,110,1,1600,1065,8450,64
41273,Petrol,5,0,97,0,1400,1060,10995,50
68988,Petrol,5,0,86,1,1300,1035,9250,73
54875,Petrol,5,0,110,1,1600,1070,8950,68
30461,Petrol,5,0,86,1,1300,1050,10500,55
128351,Petrol,5,0,110,1,1600,1070,9250,80
133405,Diesel,5,0,72,1,2000,1135,8950,58
54936,Petrol,5,0,110,1,1600,1075,10950,63
57948,Petrol,3,0,97,1,1400,1025,9950,53
13178,Petrol,5,0,110,1,1600,1130,21750,13
72937,Diesel,3,0,90,1,2000,1165,13750,23
38019,Petrol,5,0,110,1,1600,1070,8750,61
93039,Petrol,3,0,110,1,1600,1050,8950,79
120000,Petrol,5,0,110,0,1600,1075,7750,78
130000,Petrol,5,0,86,0,1300,1015,6500,78
16325,Petrol,5,0,110,1,1600,1080,12950,40
34000,Petrol,4,0,86,1,1300,1000,7950,80
87743,Petrol,3,0,110,0,1600,1055,7450,78
78785,CNG,5,0,110,1,1600,1119,11500,47
71825,Petrol,5,0,110,0,1600,1075,8500,77
32781,Petrol,5,0,110,0,1600,1075,11950,38
58000,Petrol,3,0,110,1,1600,1065,10495,62
89145,Petrol,3,0,86,1,1300,1025,9750,64
69574,Petrol,5,0,97,0,1400,1065,10750,46
64982,Petrol,5,0,192,1,1800,1195,21950,31
158320,Diesel,5,0,69,0,1800,1110,4350,44
58530,Petrol,5,0,110,0,1600,1075,11750,54
33535,Petrol,4,0,110,0,1600,1035,10900,57
71793,CNG,4,0,110,1,1600,1067,14950,44
49942,Petrol,3,0,110,0,1600,1065,10950,65
81930,Petrol,5,0,110,0,1600,1070,7750,76
39000,Petrol,5,0,110,1,1600,1075,10250,62
23489,Petrol,5,0,110,0,1600,1115,18450,27
53561,Petrol,5,0,97,1,1400,1060,11700,52
21027,Petrol,5,0,110,1,1600,1080,13250,44
117609,Petrol,3,0,86,0,1300,1015,7250,65
52900,Petrol,4,0,110,1,1600,1075,9450,77
106250,Petrol,5,0,110,0,1600,1070,6640,74
34717,Petrol,3,0,86,0,1300,1015,7750,73
13634,Petrol,5,0,110,1,1600,1115,19500,12
134660,Diesel,5,0,72,0,2000,1135,5950,71
93090,Petrol,5,0,86,1,1300,1035,7200,79
13748,Petrol,3,0,97,1,1400,1100,16950,19
25000,Petrol,5,0,110,1,1600,1075,10500,58
51712,Petrol,3,0,110,0,1600,1050,8750,58
58596,Petrol,3,0,110,1,1600,1045,11250,52
100732,Petrol,4,1,86,1,1300,1030,8050,74
103018,Diesel,5,0,69,0,1900,1140,10950,51
60050,Petrol,3,0,110,1,1600,1050,6750,69
61000,Petrol,4,0,110,1,1600,1035,7150,70
46929,Petrol,3,0,86,1,1300,1025,9900,59
450,Petrol,5,0,97,1,1400,1110,18700,7
65006,Petrol,3,0,86,1,1300,1015,6950,75
29510,Petrol,3,0,97,1,1400,1100,15950,27
85389,Petrol,5,0,110,1,1600,1075,12500,40
64000,Petrol,5,0,110,0,1600,1075,8950,68
57000,Petrol,4,0,86,0,1300,1000,7750,80
25170,Petrol,5,0,110,1,1600,1105,16250,13
68520,Diesel,3,0,72,1,2000,1115,11450,55
90200,Petrol,3,0,97,0,1400,1025,8950,53
61682,Petrol,3,0,110,0,1600,1050,10950,57
72128,Petrol,5,1,107,1,1600,1100,8950,71
65896,Petrol,3,0,110,1,1600,1065,10750,63
69813,Petrol,3,0,97,1,1400,1025,9500,55
84472,Petrol,5,0,110,1,1600,1070,8250,76
83133,Petrol,3,0,86,0,1300,1015,7950,69
8537,Petrol,5,0,110,1,1600,1130,17450,28
50000,Petrol,5,0,86,1,1300,1045,11950,51
96829,Petrol,5,0,110,1,1600,1075,11495,44
88480,Petrol,3,0,110,1,1600,1050,8750,57
28150,Petrol,5,0,110,1,1600,1075,13750,38
27821,Petrol,5,0,97,0,1400,1110,16500,19
73175,Petrol,3,0,97,1,1400,1030,11450,49
68000,Petrol,3,0,86,1,1300,1015,8950,65
63918,Petrol,4,0,110,0,1600,1035,8500,79
8574,Petrol,5,0,110,1,1600,1130,19950,8
110287,Petrol,3,0,110,1,1600,1050,9500,68
83047,Petrol,3,1,86,1,1300,1045,8950,71
61144,Petrol,5,0,110,1,1600,1090,11250,61
48576,Petrol,3,0,86,1,1300,1015,7500,71
24011,Petrol,3,0,97,0,1400,1025,11500,35
47060,Petrol,4,0,110,0,1600,1035,10450,60
115157,Petrol,3,0,110,1,1600,1050,6500,71
64000,Petrol,3,0,97,1,1400,1025,8950,54
46000,Petrol,5,0,86,0,1300,1035,8900,63
112116,Petrol,5,0,110,1,1600,1070,9950,68
53285,Petrol,5,0,110,1,1600,1075,10250,62
100550,Petrol,5,0,110,1,1600,1075,8950,65
45713,Petrol,5,0,97,1,1400,1085,12850,39
6155,Petrol,5,0,97,1,1400,1110,17650,11
34882,Petrol,5,0,110,1,1600,1075,12250,51
83291,Petrol,5,0,110,1,1600,1070,7500,71
81965,Petrol,5,0,86,1,1300,1035,8450,68
27240,Petrol,5,0,110,1,1600,1075,12750,33
100123,Petrol,3,0,110,1,1600,1050,6490,80
10000,Diesel,5,0,116,1,2000,1270,22950,7
108847,Diesel,5,0,90,1,2000,1205,14750,39
43632,Petrol,5,0,110,1,1600,1075,12950,43
53000,Petrol,3,0,86,0,1300,1015,7750,68
134539,Petrol,5,0,110,0,1600,1070,7750,73
40325,Petrol,5,0,86,0,1300,1045,13750,54
60239,Petrol,5,0,110,1,1600,1075,10750,54
103458,Petrol,3,0,86,1,1300,1025,8950,58
23000,Petrol,3,0,192,1,1800,1185,21500,31
45287,Petrol,5,0,110,1,1600,1075,11950,41
70000,Petrol,3,0,86,1,1300,1015,6950,68
58267,Petrol,5,0,110,1,1600,1070,8250,80
30000,Diesel,5,0,110,1,2000,1275,22250,22
43000,Petrol,5,0,110,0,1600,1075,9695,57
36000,Petrol,3,1,110,1,1600,1070,12950,45
79150,Petrol,5,0,110,1,1600,1075,10500,60
17069,Petrol,3,0,97,1,1400,1025,10600,51
97648,Petrol,3,0,110,1,1600,1065,9950,61
54125,Petrol,5,0,110,1,1600,1035,9450,61
17300,Petrol,5,0,97,1,1400,1110,17200,20
46821,Petrol,5,0,97,1,1400,1060,13450,39
45410,Petrol,5,0,86,1,1300,1035,7750,76
100748,Petrol,5,0,110,0,1600,1070,8950,61
95909,Petrol,5,0,110,1,1600,1070,6650,78
56001,Petrol,5,0,110,1,1600,1075,13500,39
59295,Petrol,5,0,86,0,1300,1035,9500,62
63500,Petrol,3,0,110,1,1600,1050,7499,80
45725,Petrol,5,0,110,1,1600,1075,13250,32
61626,Petrol,5,0,86,0,1300,1035,7950,75
65000,Petrol,5,0,110,1,1600,1075,11950,56
76569,Petrol,3,0,86,1,1300,1020,8750,67
84312,Petrol,5,0,110,0,1600,1080,11450,41
63000,Petrol,5,1,86,1,1300,1065,9950,65
43818,Petrol,5,0,110,0,1600,1070,9950,59
74308,Petrol,3,0,110,0,1600,1050,8950,68
174000,Diesel,5,0,69,1,1900,1095,8900,45
57269,Petrol,5,0,110,1,1600,1075,11690,33
15110,Petrol,5,0,86,0,1300,1035,9450,66
146304,Diesel,3,0,72,1,2000,1115,6900,69
159968,Diesel,3,0,72,0,2000,1115,6950,78
31000,Petrol,3,0,97,0,1400,1025,8950,56
21904,Petrol,3,0,97,0,1400,1025,10950,35
86000,Petrol,3,0,110,0,1600,1050,8950,80
11500,Petrol,3,0,110,1,1600,1045,18800,14
102005,Petrol,5,1,107,1,1600,1105,8950,75
55400,Petrol,5,0,110,0,1600,1075,11750,42
78955,Petrol,5,0,86,1,1300,1045,9500,57
24444,Petrol,3,0,110,1,1600,1040,12950,39
36000,Petrol,3,1,86,0,1300,1045,8500,78
75569,Diesel,3,0,72,1,2000,1120,8950,62
54000,Petrol,5,0,110,1,1600,1075,10500,57
128006,Petrol,3,0,110,1,1600,1050,8250,73
10000,Petrol,3,0,97,1,1400,1100,17450,17
52000,Petrol,3,0,97,0,1400,1025,11950,44
2000,Petrol,5,0,110,0,1600,1075,18500,7
75525,Petrol,3,0,110,1,1600,1114,8950,72
74963,Petrol,3,1,107,0,1600,1085,9500,66
156204,Diesel,3,0,72,1,2000,1115,8950,69
57374,Petrol,5,0,110,1,1600,1075,8950,65
33021,Petrol,5,0,110,1,1600,1080,11900,46
90727,Petrol,3,0,110,0,1600,1050,8450,68
32189,Petrol,3,0,192,0,1800,1185,19600,25
71725,Petrol,4,0,110,1,1600,1035,10950,54
82021,Petrol,5,0,86,1,1300,1035,8750,80
74093,Petrol,5,0,110,1,1600,1075,8800,79
137741,Diesel,5,0,90,1,2000,1135,7950,74
123403,Petrol,3,0,110,1,1600,1050,6450,72
80425,Diesel,5,0,90,1,2000,1205,14750,40
29000,Petrol,3,1,86,1,1300,1045,8950,71
41000,Petrol,3,0,97,1,1400,1100,15500,22
49432,Petrol,3,0,110,1,1600,1050,10250,52
48052,Diesel,3,0,69,1,1900,1105,13500,35
49417,Petrol,3,0,110,1,1600,1045,11450,48
86871,Petrol,5,0,86,1,1300,1040,9500,59
97600,Petrol,3,0,110,1,1600,1045,10900,49
58954,Petrol,5,0,110,1,1600,1080,11950,40
77029,Petrol,3,0,86,1,1300,1015,8950,68
48370,Petrol,5,0,110,1,1600,1080,13750,54
61100,Petrol,5,0,110,1,1600,1075,11500,68
70597,Petrol,3,1,107,1,1600,1080,8500,80
61000,Diesel,5,0,69,0,2000,1140,8950,54
98742,Petrol,5,0,110,0,1600,1085,8750,79
59815,Petrol,3,0,110,1,1587,1055,7950,76
93296,Petrol,5,0,110,1,1600,1090,9900,68
232940,Diesel,5,0,72,0,2000,1172,5900,73
89000,Petrol,5,0,110,0,1600,1075,9750,52
58000,Petrol,3,0,110,0,1600,1055,8950,80
59000,Petrol,5,0,110,0,1600,1075,9750,65
95750,Petrol,5,0,110,1,1600,1070,9250,67
120263,Diesel,5,0,72,1,2000,1135,8950,76
17038,Petrol,5,0,110,0,1600,1130,19950,19
89096,Petrol,5,0,110,1,1600,1085,9200,69
43254,Petrol,5,0,110,1,1600,1075,13875,39
87000,Petrol,4,0,110,1,1600,1035,7250,78
114846,Petrol,5,0,110,1,1600,1075,9950,64
79858,Petrol,4,0,110,1,1600,1040,9895,67
87000,Petrol,3,0,86,1,1300,1015,8250,80
82595,Petrol,3,0,86,1,1300,1015,5950,78
35142,Petrol,3,0,110,0,1600,1055,11710,48
80470,Petrol,5,0,110,0,1600,1085,10950,57
24000,Petrol,3,0,97,1,1400,1025,11950,41
56074,Petrol,4,0,86,0,1300,1000,9250,67
102000,Petrol,3,0,86,1,1300,1015,7750,77
65000,Petrol,3,0,110,1,1600,1050,7800,64
82743,CNG,5,0,110,1,1600,1121,11950,37
48000,Diesel,3,0,90,0,2000,1165,14950,26
38403,Petrol,3,0,110,0,1600,1055,12950,51
66777,Petrol,5,0,110,0,1600,1090,11950,56
132393,Diesel,5,0,72,0,2000,1135,7950,64
98040,Petrol,5,0,110,0,1600,1080,11950,51
52448,Petrol,3,0,97,0,1400,1025,10500,56
82115,Petrol,3,0,110,1,1600,1055,8950,61
30806,Petrol,5,0,97,1,1400,1060,10450,46
155720,Petrol,3,0,86,1,1300,1015,6950,68
80265,Petrol,3,0,86,0,1300,1015,8750,62
57413,Petrol,5,1,107,0,1600,1115,10500,63
44944,Petrol,4,0,110,1,1600,1035,8250,63
110901,Petrol,5,0,110,1,1600,1085,9250,76
74193,Petrol,3,0,110,0,1600,1050,9950,64
29640,Petrol,3,0,110,0,1600,1055,14950,42
55000,Petrol,5,0,110,0,1600,1075,10950,57
198167,Diesel,4,0,69,0,1900,1095,6400,51
36000,Petrol,5,0,110,1,1600,1075,15950,20
1,Petrol,5,0,110,0,1600,1114,6950,76
69388,Petrol,3,0,86,0,1300,1010,7950,75
106784,Petrol,3,1,110,0,1600,1050,9750,64
105000,Petrol,3,0,86,1,1300,1015,5950,59
68565,Petrol,4,0,110,1,1600,1030,8750,49
27371,Petrol,5,0,97,0,1400,1135,18450,19
66168,Petrol,3,0,86,1,1300,1015,6750,80
39439,Petrol,5,0,97,0,1400,1060,11895,41
72703,Petrol,3,0,110,1,1600,1050,7950,77
71000,Petrol,3,0,110,1,1600,1050,7950,76
72000,Petrol,3,0,110,0,1600,1055,7950,78
143560,Petrol,3,1,86,1,1300,1045,6950,80
159908,Petrol,3,0,110,0,1600,1050,5740,74
84558,Petrol,5,0,110,1,1600,1120,10950,65
52149,Petrol,3,0,97,1,1400,1085,10750,55
45081,Petrol,5,0,110,1,1600,1075,12950,39
32941,Petrol,5,0,110,1,1600,1080,13950,35
13000,Petrol,4,0,110,1,1600,1105,19500,16
36000,Petrol,3,0,110,1,1600,1050,7600,78
28715,Petrol,5,0,110,1,1600,1075,12950,33
33477,Petrol,5,0,110,1,1600,1075,15850,13
43532,Petrol,5,0,110,0,1600,1070,7950,76
78600,Petrol,5,0,110,1,1600,1075,9750,48
38653,Petrol,5,0,110,1,1600,1080,12950,40
28450,Petrol,3,0,110,1,1600,1120,15950,25
67110,Petrol,5,0,86,1,1300,1035,9750,67
70500,Petrol,5,0,110,1,1600,1035,8950,62
97425,Petrol,5,0,110,1,1600,1075,9950,61
102300,Petrol,3,0,86,1,1300,1015,7950,80
200732,Diesel,4,0,72,1,2000,1100,6750,77
28362,Petrol,3,0,110,1,1600,1040,13450,40
61906,Petrol,5,1,86,1,1300,1065,8450,77
47350,Petrol,5,0,110,1,1600,1075,11480,41
115000,CNG,3,0,110,0,1600,1109,9450,63
174833,Diesel,4,0,72,0,2000,1100,5751,67
1,Petrol,4,0,98,1,1400,1065,17795,9
76000,Petrol,5,0,110,1,1600,1070,9250,71
85565,Petrol,5,0,110,0,1600,1070,8250,80
60500,Petrol,5,0,110,0,1600,1075,10950,44
161775,Petrol,3,0,86,1,1300,1015,5800,78
147636,Diesel,5,0,72,0,2000,1135,9500,62
89576,Petrol,4,0,110,0,1600,1035,8750,60
48945,Petrol,3,0,110,0,1600,1040,10950,39
66063,Petrol,5,0,110,1,1600,1090,11250,54
40361,Petrol,5,0,110,1,1600,1090,11950,47
28817,Petrol,5,0,110,1,1598,1130,18950,28
83540,Petrol,5,0,110,1,1600,1070,8950,80
84598,Petrol,5,0,110,0,1600,1075,12500,54
60600,Petrol,3,0,86,0,1300,1060,5845,70
1,Petrol,4,0,98,1,1400,1100,17795,1
75889,Diesel,3,0,90,1,2000,1245,18600,30
31307,Petrol,5,0,110,1,1600,1070,9900,57
37400,Petrol,5,0,97,1,1400,1110,14950,22
6250,Petrol,5,0,110,1,1600,1115,19950,7
55061,Petrol,5,0,110,1,1600,1070,9950,65
60833,Petrol,4,0,110,1,1600,1035,7750,76
36954,Petrol,3,0,110,1,1600,1050,8900,59
71366,Petrol,3,0,110,0,1600,1065,9500,59
99374,Petrol,5,0,86,1,1300,1035,8950,69
7650,Petrol,5,0,110,1,1600,1115,19600,9
31000,Petrol,5,0,110,1,1600,1075,12900,33
68153,Petrol,5,0,110,1,1600,1085,10995,63
51945,Petrol,5,0,110,1,1600,1075,13450,33
119500,Petrol,5,0,110,1,1600,1070,8950,68
24650,Petrol,3,0,110,1,1600,1055,14990,33
38500,Diesel,3,0,90,0,2000,1170,13750,30
49969,Petrol,5,0,110,0,1600,1075,9650,53
53053,Petrol,5,0,110,1,1600,1075,11500,65
128960,Petrol,5,0,110,1,1600,1070,7250,77
40400,Petrol,5,0,97,1,1400,1060,11250,50
59264,Petrol,3,0,86,0,1300,1015,7500,65
74849,Petrol,4,1,110,1,1600,1060,10950,50
31000,Petrol,3,0,97,0,1398,1025,8950,52
36000,Petrol,5,0,110,0,1600,1080,13000,49
36566,Petrol,5,0,110,0,1600,1090,11990,40
79375,Diesel,5,0,90,1,2000,1255,17950,27
80086,Petrol,4,0,110,1,1600,1035,8250,65
23000,Petrol,3,0,86,0,1300,1015,8450,80
154900,Diesel,5,0,72,1,2000,1140,7450,76
90305,Petrol,3,0,86,1,1300,1015,6950,77
28000,Petrol,5,0,110,1,1600,1115,16950,23
87613,Petrol,3,0,86,0,1300,1015,6750,75
73200,Petrol,5,0,110,1,1600,1070,7500,80
10077,Petrol,5,0,97,1,1400,1110,19500,8
29206,Petrol,5,0,97,1,1400,1110,15950,28
91505,Diesel,3,0,72,0,2000,1115,9900,68
29686,Petrol,3,1,110,1,1600,1075,12950,50
105856,Petrol,3,0,86,0,1300,1015,5950,72
109547,Petrol,5,0,110,0,1600,1075,9950,62
125400,Petrol,3,0,110,0,1600,1050,7900,75
61254,Petrol,5,0,110,0,1600,1075,9950,62
68000,Petrol,5,0,110,1,1600,1075,7995,76
48928,Diesel,3,0,69,1,1900,1105,13500,33
72880,Petrol,3,0,86,1,1332,1015,7950,67
16512,Petrol,5,0,97,1,1400,1085,13250,33
31999,Petrol,3,0,97,0,1400,1030,11930,49
149329,Diesel,5,0,72,1,2000,1135,8950,54
38932,Petrol,3,0,110,1,1600,1040,13500,42
57096,Petrol,3,0,86,1,1300,1025,8600,69
176177,Petrol,5,0,110,1,1600,1075,5950,73
52084,Petrol,3,0,97,1,1400,1025,11750,44
68723,Petrol,3,0,86,0,1300,1025,9250,58
118833,Petrol,3,0,110,0,1600,1065,10950,57
35283,Petrol,3,0,86,1,1300,1015,9250,65
11090,Petrol,3,0,110,1,1600,1120,17950,30
44068,Petrol,3,0,97,1,1400,1100,16750,27
84000,Petrol,5,0,110,0,1600,1075,6950,80
52700,Petrol,3,0,110,0,1600,1050,8250,80
5459,Petrol,5,0,110,1,1600,1130,19950,14
132807,Diesel,5,0,72,1,2000,1135,8950,65
50967,Petrol,5,0,97,1,1400,1060,10495,48
55425,Petrol,5,0,110,0,1600,1075,9950,79
180378,Diesel,4,0,72,1,2000,1100,8750,78
